{"month":{"0":"2020-01","1":"2020-02","2":"2020-03","3":"2020-04","4":"2020-05","5":"2020-06","6":"2020-07","7":"2020-08","8":"2020-09","9":"2020-10","10":"2020-11","11":"2020-12","12":"2021-01","13":"2021-02","14":"2021-03","15":"2021-04","16":"2021-05","17":"2021-06","18":"2021-07"},"China":{"0":77.9495235932,"1":313.7937270658,"2":350.3235387643,"3":339.563900247,"4":351.1195158261,"5":339.9021822092,"6":351.410441622,"7":351.8062291874,"8":340.6106723442,"9":352.1220685648,"10":340.9956370873,"11":352.5257875436,"12":353.0404772509,"13":319.3566070406,"14":353.6741193787,"15":342.3998766562,"16":353.9539179045,"17":342.7375059705,"18":125.7233909519},"Japan":{"0":14.5429432165,"1":117.1166443658,"2":207.0116413654,"3":268.7817705533,"4":300.1016293169,"5":293.120507644,"6":313.1833270322,"7":337.8442497147,"8":337.3328537331,"9":354.3168733391,"10":351.0578559781,"11":376.4846058922,"12":392.5298400123,"13":362.2162223158,"14":403.5759503633,"15":395.230796146,"16":416.2299179843,"17":406.9241153376,"18":149.6647123358},"Singapore":{"0":13.9523115995,"1":115.6065966713,"2":174.8085234187,"3":250.0949764637,"4":315.1695795196,"5":318.0958776199,"6":333.7731005337,"7":338.6233485632,"8":328.7273732418,"9":339.9612892438,"10":329.1067322996,"11":340.2169757227,"12":340.583771452,"13":307.9567488693,"14":341.1373675838,"15":330.442819813,"16":341.8782187396,"17":331.2100141453,"18":121.4969904343},"Italy":{"0":0.6931471806,"1":69.3317209855,"2":308.9102840038,"3":359.7969921383,"4":381.7534235231,"5":371.2952105942,"6":384.5383086242,"7":385.9674234344,"8":377.468196808,"9":401.1505808559,"10":418.4593098816,"11":447.7690546039,"12":454.7500069419,"13":414.9303636218,"14":464.8893155174,"15":454.7096408036,"16":472.3632073174,"17":457.8377392792,"18":167.9264545463},"United_Kingdom":{"0":0.6931471806,"1":81.0026193693,"2":247.3318140033,"3":346.2703127711,"4":382.0644004996,"5":375.5895571906,"6":390.346695927,"7":392.9873547064,"8":385.7478515061,"9":416.8008475976,"10":423.4220791895,"11":449.2111981468,"12":465.0316112583,"13":425.942952991,"14":473.361065577,"15":458.9022785231,"16":474.6694332151,"17":460.3800344904,"18":169.6378921403},"Canada":{"0":3.4657359028,"1":58.4307092579,"2":185.6757653904,"3":306.8871824898,"4":348.2648623397,"5":345.5313256062,"6":360.2918209796,"7":363.637168758,"8":356.0697613478,"9":377.8225579764,"10":378.5263210628,"11":405.6146045064,"12":417.0579818861,"13":381.6535031995,"14":425.8364843707,"15":417.4801848364,"16":437.0418560297,"17":424.7807976441,"18":155.8714058649},"United_States":{"0":11.8775685786,"1":75.540294349,"2":260.595574857,"3":399.5990148861,"4":439.9003140591,"5":437.4660509448,"6":467.5325816635,"7":480.2687760451,"8":471.2208464575,"9":493.0952765846,"10":487.0630104322,"11":515.9901499489,"12":526.1588377446,"13":479.7801774241,"14":533.267732321,"15":517.9492430797,"16":536.5856105055,"17":519.8008891781,"18":190.6836146627},"Australia":{"0":10.7913788099,"1":78.019656243,"2":184.3027484862,"3":262.214359077,"4":274.5482478808,"5":267.350130039,"6":289.4333219611,"7":311.0822582487,"8":305.7664119153,"9":316.7289305521,"10":306.9300473787,"11":317.5824442481,"12":318.1800225102,"13":287.6043338867,"14":318.6863088919,"15":308.7880444066,"16":319.5520157179,"17":309.5857394032,"18":113.7220932771}}